{
  "train_csv": "data.csv",
  "test_csv": "test.csv",
  "model_path": "audit_outputs/fraud_labeler_v2.joblib",
  "train_rows": 147,
  "test_rows": 168,
  "threshold_tuning": {
    "review": {
      "threshold": 0.38999999999999996,
      "precision": 0.7909090909090909,
      "recall": 0.9886363636363636,
      "f1": 0.8787878787878788
    },
    "label": {
      "threshold": 0.5399999999999999,
      "precision": 0.8658536585365854,
      "recall": 0.8068181818181818,
      "f1": 0.8352941176470589
    },
    "high_confidence": {
      "threshold": 0.61,
      "precision": 0.9047619047619048,
      "recall": 0.6477272727272727,
      "f1": 0.7549668874172185
    }
  },
  "test_metrics": {
    "threshold": 0.5399999999999999,
    "accuracy": 0.9523809523809523,
    "precision": 0.8823529411764706,
    "recall": 1.0,
    "f1": 0.9375,
    "confusion_matrix": {
      "tn": 100,
      "fp": 8,
      "fn": 0,
      "tp": 60
    },
    "classification_report": {
      "Legitimate": {
        "precision": 1.0,
        "recall": 0.9259259259259259,
        "f1-score": 0.9615384615384616,
        "support": 108.0
      },
      "Potential Crypto Fraud": {
        "precision": 0.8823529411764706,
        "recall": 1.0,
        "f1-score": 0.9375,
        "support": 60.0
      },
      "accuracy": 0.9523809523809523,
      "macro avg": {
        "precision": 0.9411764705882353,
        "recall": 0.962962962962963,
        "f1-score": 0.9495192307692308,
        "support": 168.0
      },
      "weighted avg": {
        "precision": 0.9579831932773109,
        "recall": 0.9523809523809523,
        "f1-score": 0.9529532967032969,
        "support": 168.0
      }
    },
    "roc_auc": 0.9850308641975308
  },
  "test_metrics_by_tier": {
    "review": {
      "threshold": 0.38999999999999996,
      "accuracy": 0.8333333333333334,
      "precision": 0.6818181818181818,
      "recall": 1.0,
      "f1": 0.8108108108108109,
      "confusion_matrix": {
        "tn": 80,
        "fp": 28,
        "fn": 0,
        "tp": 60
      },
      "classification_report": {
        "Legitimate": {
          "precision": 1.0,
          "recall": 0.7407407407407407,
          "f1-score": 0.851063829787234,
          "support": 108.0
        },
        "Potential Crypto Fraud": {
          "precision": 0.6818181818181818,
          "recall": 1.0,
          "f1-score": 0.8108108108108109,
          "support": 60.0
        },
        "accuracy": 0.8333333333333334,
        "macro avg": {
          "precision": 0.8409090909090908,
          "recall": 0.8703703703703703,
          "f1-score": 0.8309373202990225,
          "support": 168.0
        },
        "weighted avg": {
          "precision": 0.8863636363636364,
          "recall": 0.8333333333333334,
          "f1-score": 0.8366877515813685,
          "support": 168.0
        }
      },
      "roc_auc": 0.9850308641975308
    },
    "label": {
      "threshold": 0.5399999999999999,
      "accuracy": 0.9523809523809523,
      "precision": 0.8823529411764706,
      "recall": 1.0,
      "f1": 0.9375,
      "confusion_matrix": {
        "tn": 100,
        "fp": 8,
        "fn": 0,
        "tp": 60
      },
      "classification_report": {
        "Legitimate": {
          "precision": 1.0,
          "recall": 0.9259259259259259,
          "f1-score": 0.9615384615384616,
          "support": 108.0
        },
        "Potential Crypto Fraud": {
          "precision": 0.8823529411764706,
          "recall": 1.0,
          "f1-score": 0.9375,
          "support": 60.0
        },
        "accuracy": 0.9523809523809523,
        "macro avg": {
          "precision": 0.9411764705882353,
          "recall": 0.962962962962963,
          "f1-score": 0.9495192307692308,
          "support": 168.0
        },
        "weighted avg": {
          "precision": 0.9579831932773109,
          "recall": 0.9523809523809523,
          "f1-score": 0.9529532967032969,
          "support": 168.0
        }
      },
      "roc_auc": 0.9850308641975308
    },
    "high_confidence": {
      "threshold": 0.61,
      "accuracy": 0.9345238095238095,
      "precision": 0.9016393442622951,
      "recall": 0.9166666666666666,
      "f1": 0.9090909090909091,
      "confusion_matrix": {
        "tn": 102,
        "fp": 6,
        "fn": 5,
        "tp": 55
      },
      "classification_report": {
        "Legitimate": {
          "precision": 0.9532710280373832,
          "recall": 0.9444444444444444,
          "f1-score": 0.9488372093023256,
          "support": 108.0
        },
        "Potential Crypto Fraud": {
          "precision": 0.9016393442622951,
          "recall": 0.9166666666666666,
          "f1-score": 0.9090909090909091,
          "support": 60.0
        },
        "accuracy": 0.9345238095238095,
        "macro avg": {
          "precision": 0.9274551861498391,
          "recall": 0.9305555555555556,
          "f1-score": 0.9289640591966173,
          "support": 168.0
        },
        "weighted avg": {
          "precision": 0.9348311409748518,
          "recall": 0.9345238095238095,
          "f1-score": 0.9346421020839625,
          "support": 168.0
        }
      },
      "roc_auc": 0.9850308641975308
    }
  },
  "test_operational_policy": {
    "policy_guardrail": "Public labels require both model confidence and concrete scam-policy evidence.",
    "public_label_metrics": {
      "precision": 0.8823529411764706,
      "recall": 1.0,
      "f1": 0.9375,
      "confusion_matrix": {
        "tn": 100,
        "fp": 8,
        "fn": 0,
        "tp": 60
      }
    },
    "review_or_label_metrics": {
      "precision": 0.6741573033707865,
      "recall": 1.0,
      "f1": 0.8053691275167785,
      "confusion_matrix": {
        "tn": 79,
        "fp": 29,
        "fn": 0,
        "tp": 60
      }
    },
    "action_counts": {
      "apply_potential_crypto_fraud_label": 7,
      "high_confidence_escalation": 61,
      "no_label": 79,
      "send_to_human_review": 21
    }
  },
  "policy_rule_baseline_train": {
    "threshold": 0.09999999999999999,
    "accuracy": 0.7346938775510204,
    "precision": 0.7058823529411765,
    "recall": 0.9545454545454546,
    "f1": 0.8115942028985508,
    "confusion_matrix": {
      "tn": 24,
      "fp": 35,
      "fn": 4,
      "tp": 84
    },
    "classification_report": {
      "Legitimate": {
        "precision": 0.8571428571428571,
        "recall": 0.4067796610169492,
        "f1-score": 0.5517241379310345,
        "support": 59.0
      },
      "Potential Crypto Fraud": {
        "precision": 0.7058823529411765,
        "recall": 0.9545454545454546,
        "f1-score": 0.8115942028985508,
        "support": 88.0
      },
      "accuracy": 0.7346938775510204,
      "macro avg": {
        "precision": 0.7815126050420168,
        "recall": 0.6806625577812019,
        "f1-score": 0.6816591704147926,
        "support": 147.0
      },
      "weighted avg": {
        "precision": 0.7665923512262048,
        "recall": 0.7346938775510204,
        "f1-score": 0.7072926121973028,
        "support": 147.0
      }
    },
    "roc_auc": 0.772342064714946,
    "tuned_on": "same_split"
  },
  "policy_rule_baseline_test": {
    "threshold": 0.30999999999999994,
    "accuracy": 0.8928571428571429,
    "precision": 0.7692307692307693,
    "recall": 1.0,
    "f1": 0.8695652173913043,
    "confusion_matrix": {
      "tn": 90,
      "fp": 18,
      "fn": 0,
      "tp": 60
    },
    "classification_report": {
      "Legitimate": {
        "precision": 1.0,
        "recall": 0.8333333333333334,
        "f1-score": 0.9090909090909091,
        "support": 108.0
      },
      "Potential Crypto Fraud": {
        "precision": 0.7692307692307693,
        "recall": 1.0,
        "f1-score": 0.8695652173913043,
        "support": 60.0
      },
      "accuracy": 0.8928571428571429,
      "macro avg": {
        "precision": 0.8846153846153846,
        "recall": 0.9166666666666667,
        "f1-score": 0.8893280632411067,